actual spread,estimated spread
8,32
4,0
8,0
2,0
24,15
4,0
354,304
5,34
2,0
67,58
2,0
10,0
4,23
3,0
24,15
42,38
266,258
113,108
109,81
2,4
101,91
5,29
2,6
14,29
16,0
4,27
16,0
27,15
11,19
2,0
123,147
3,13
4,25
9,0
3,0
10,0
2,0
9,32
2,0
2,0
8,40
2,2
2,9
2,0
8,42
236,183
10,0
10,0
11,17
46,51
12,15
4,13
16,4
20,15
9,0
4,0
8,36
4,0
57,96
2,0
8,27
11,0
4,9
73,74
27,4
3,0
20,0
2,63
20,21
5,17
3,13
15,9
114,79
4,2
196,213
3,0
9,27
13,0
4,13
6,0
2,0
24,38
5,0
20,0
14,17
8,6
2,0
74,126
6,29
2,13
20,11
7,0
80,58
46,79
220,204
8,11
4,21
2,0
2,11
70,100
6,32
300,279
183,220
9,6
15,11
160,223
20,56
7,67
308,327
151,142
28,29
2,11
42,91
10,19
4,25
20,32
4,0
4,2
124,144
16,2
2,17
80,115
201,189
20,11
20,0
8,0
8,4
15,29
32,32
118,134
10,19
23,0
16,58
16,54
4,15
4,0
20,2
4,17
182,118
2,27
76,91
6,0
373,411
9,9
2,0
114,105
20,13
2,0
10,0
73,65
187,235
484,560
4,9
2,15
7,17
20,0
11,19
5,13
2,15
2,15
2,0
2,0
3,58
10,11
12,0
2,0
67,40
10,0
2,0
8,2
20,0
6,25
354,368
12,40
2,9
2,2
4,0
8,0
74,86
2,0
16,21
286,276
129,136
2,0
20,13
27,19
12,23
12,9
139,86
17,4
8,34
2,0
2,34
2,0
11,9
6,4
3,0
2,2
22,27
2,19
6,54
8,88
14,9
6,11
10,36
57,17
2,0
6,6
30,36
15,9
2,0
4,0
136,128
2,17
468,460
2,9
2,19
2,0
6,0
2,0
23,0
6,17
2,0
40,58
2,0
466,470
34,2
4,0
8,9
11,6
453,430
8,0
2,0
3,23
3,4
8,0
9,42
8,42
4,0
2,0
4,0
4,6
160,166
27,38
8,0
4,4
46,42
2,60
2,0
337,339
495,460
20,38
9,9
6,21
5,0
384,475
12,29
10,11
24,23
2,23
8,32
146,147
69,25
23,32
45,42
17,9
16,65
242,223
383,425
2,45
6,40
30,0
12,11
2,2
4,6
93,69
4,6
42,34
19,0
2,29
12,21
3,0
128,113
5,0
162,175
8,0
32,15
486,460
316,316
29,63
20,0
2,0
8,15
4,13
2,0
3,0
202,195
2,0
19,0
8,9
9,19
121,144
2,0
20,4
9,13
2,0
5,0
320,351
11,32
171,144
2,11
10,29
7,2
146,178
9,0
81,84
2,6
20,6
67,38
4,0
6,34
2,0
197,152
92,115
485,542
74,54
295,297
82,100
4,13
2,0
104,79
5,9
100,118
2,0
37,63
6,21
2,0
7,0
6,4
24,27
8,0
20,60
10,0
32,15
24,15
5,0
2,0
432,407
24,0
268,283
25,29
2,13
2,0
396,393
236,226
40,29
394,416
160,131
12,9
20,0
2,0
335,331
4,0
8,9
194,166
20,81
6,27
4,0
2,11
16,11
45,81
4,19
3,0
4,0
54,11
26,32
388,393
4,0
6,9
8,40
136,144
12,23
100,118
70,74
6,0
3,0
15,6
6,47
20,29
12,0
2,9
20,27
9,72
2,38
9,23
13,45
2,23
20,25
70,81
88,84
488,425
2,0
6,27
196,210
38,40
136,163
270,265
2,0
42,47
163,155
2,23
8,0
2,6
196,195
2,0
4,0
44,6
2,0
4,0
58,72
228,204
32,2
6,0
140,123
128,131
34,27
20,49
5,38
168,158
2,0
2,6
162,161
2,13
67,86
424,385
20,54
3,13
66,54
82,96
2,13
138,155
2,0
18,0
20,6
2,15
8,21
8,0
484,536
2,0
8,0
2,0
2,23
5,0
94,108
20,6
2,0
118,186
6,4
124,126
15,21
180,183
4,0
66,72
5,13
4,0
8,21
129,108
2,0
2,29
8,0
18,42
40,42
126,93
180,169
2,0
9,0
14,23
104,163
16,11
20,4
10,32
4,27
143,131
20,38
14,23
12,13
3,0
4,0
4,0
2,0
368,402
5,32
8,0
10,38
92,100
2,0
6,11
62,27
24,15
4,0
212,223
58,34
4,0
14,27
15,86
4,45
2,0
2,51
10,0
49,47
12,0
230,252
8,15
52,58
14,13
4,4
4,4
128,121
4,0
4,0
5,11
2,0
8,47
20,21
12,0
2,19
134,118
21,0
3,0
178,220
4,32
404,393
9,45
2,17
7,49
4,25
16,49
141,169
4,19
4,0
20,27
2,0
104,134
66,49
5,0
2,19
176,180
2,32
34,15
6,0
4,0
106,79
177,183
2,0
7,0
2,0
148,128
20,11
414,425
2,13
365,351
26,4
182,150
5,17
41,56
2,29
3,0
2,9
2,60
38,34
6,4
2,17
6,15
4,19
2,0
5,0
2,0
7,21
32,29
17,56
4,0
148,131
2,2
6,0
42,45
3,4
20,34
2,2
103,88
6,47
41,58
420,450
8,0
98,56
18,13
60,86
2,0
15,0
4,9
2,0
4,0
282,272
100,38
208,183
5,15
11,0
2,0
56,40
20,0
4,4
33,27
29,27
16,29
20,0
16,45
2,0
2,0
4,25
18,0
218,223
2,6
20,69
4,0
24,29
10,0
5,17
2,2
2,19
8,0
22,0
2,36
4,42
20,0
2,0
2,29
4,13
12,0
5,42
211,201
8,2
216,226
2,0
38,34
4,0
96,139
10,27
4,23
7,4
2,21
4,0
4,0
35,23
4,32
197,180
4,17
22,13
7,17
2,29
272,327
5,23
2,0
6,0
4,0
236,276
192,195
6,4
7,0
3,11
5,2
3,56
6,0
4,51
13,27
4,17
4,0
8,11
4,0
26,32
4,0
6,23
24,0
8,21
4,0
2,0
6,0
10,25
17,0
20,0
34,17
32,25
2,0
53,88
4,2
16,32
126,169
32,36
402,425
271,276
6,9
2,0
10,0
8,0
2,19
20,13
2,0
13,47
2,42
401,518
2,0
11,21
19,47
4,0
2,13
2,0
2,0
6,27
145,142
2,0
4,0
2,0
4,0
50,51
2,58
9,32
4,0
20,0
2,27
260,255
309,323
9,15
164,169
4,0
126,144
341,398
166,105
2,0
20,27
4,0
4,0
8,23
323,297
10,25
196,195
4,0
36,13
2,0
94,76
4,0
3,0
4,25
62,42
2,0
8,6
2,45
16,25
12,38
64,13
10,6
24,42
58,88
34,60
8,0
403,372
5,0
2,15
11,19
128,136
2,4
205,180
8,27
156,155
59,40
4,23
3,0
2,0
283,301
11,11
4,0
2,0
4,0
6,56
20,2
8,54
2,6
150,175
58,23
10,0
14,11
147,155
20,34
96,69
262,293
33,21
16,0
2,9
20,4
4,0
373,372
4,11
2,15
2,0
14,0
49,63
20,2
222,195
14,19
13,4
2,0
23,32
4,4
2,47
3,34
3,0
130,131
8,21
42,65
2,0
2,0
100,103
2,0
2,17
36,11
2,0
6,0
20,0
9,11
5,21
2,0
4,0
4,21
3,0
8,15
2,9
36,47
2,0
13,47
4,0
2,23
6,34
112,136
10,19
12,15
6,11
8,49
10,0
48,67
82,88
144,131
2,2
14,0
2,2
134,150
150,232
150,123
186,161
2,0
136,144
140,118
2,2
60,47
4,27
160,123
12,32
12,34
28,0
2,4
2,17
214,248
335,339
56,67
39,0
12,0
70,86
41,38
20,42
322,290
19,17
180,163
2,32
6,17
20,15
12,0
336,323
106,144
103,123
20,40
2,19
4,9
2,13
22,56
193,198
134,139
62,23
4,27
12,13
114,142
4,0
2,0
7,0
4,13
2,0
20,0
4,17
162,118
27,32
3,0
10,27
143,98
9,11
20,36
4,6
2,0
25,32
3,0
166,169
374,421
88,81
2,9
2,0
264,286
12,19
4,0
4,25
10,13
2,0
210,213
2,40
2,0
15,19
4,9
8,17
4,0
3,0
48,100
20,21
18,9
6,45
4,0
132,76
20,38
34,2
348,368
8,0
66,65
44,72
3,0
3,29
234,220
22,15
2,0
2,0
4,11
28,27
2,11
18,0
2,11
6,0
5,17
2,0
6,29
2,0
4,60
68,96
6,23
2,0
110,108
239,255
4,0
4,42
15,21
4,29
86,100
400,376
7,21
9,0
50,56
2,13
61,58
113,45
8,34
20,40
24,42
2,32
2,0
6,4
15,49
5,0
2,0
4,0
3,0
10,0
4,9
24,36
16,51
4,76
281,276
6,11
16,11
12,0
8,0
2,21
6,0
4,0
30,40
8,0
146,131
65,58
8,0
352,440
3,9
2,15
6,36
4,0
7,0
20,25
212,232
2,9
6,0
32,21
9,11
17,0
6,11
2,0
413,491
8,0
8,27
5,0
2,0
14,42
163,229
40,60
2,0
111,121
16,0
13,0
14,0
2,0
2,19
212,235
10,0
56,54
128,103
2,15
24,11
6,0
6,0
77,60
118,136
3,0
52,23
26,23
152,118
312,372
24,0
4,0
39,45
5,9
12,0
156,136
2,4
16,29
20,38
4,9
4,0
2,0
4,0
8,0
12,0
2,0
38,32
2,51
2,0
6,40
37,65
4,4
17,38
2,2
8,0
2,27
2,0
2,40
33,47
6,0
32,63
101,93
48,45
2,6
4,0
16,4
5,0
48,84
180,144
10,0
17,27
39,86
16,49
2,0
475,455
20,13
28,56
4,21
18,19
8,0
53,105
204,210
254,286
480,470
124,123
2,32
2,0
222,265
2,27
112,121
2,13
176,198
152,166
4,11
4,0
189,186
30,49
19,0
2,47
48,47
23,25
226,235
2,0
21,21
200,180
4,11
4,23
2,17
9,6
174,180
4,15
2,0
184,210
28,19
4,0
4,0
2,11
3,17
7,0
4,0
376,363
16,27
25,60
11,4
4,0
12,54
2,6
23,19
4,0
4,25
124,134
26,42
3,4
20,25
4,0
20,23
242,312
3,0
9,0
8,4
286,269
156,155
92,108
20,42
400,376
160,169
20,19
20,19
4,15
3,15
6,0
2,0
188,269
14,2
5,0
10,0
4,45
4,0
108,128
8,0
130,161
21,38
122,126
95,98
4,15
9,0
20,32
2,0
16,0
126,136
7,0
2,9
12,25
9,34
4,0
2,9
9,15
20,0
20,32
8,4
10,23
2,21
4,40
2,0
89,86
4,27
12,0
139,123
365,372
98,121
4,23
2,0
106,96
4,0
150,144
18,0
497,496
211,262
7,0
8,11
2,6
2,11
6,0
4,15
3,4
4,0
2,4
6,0
4,29
104,110
4,13
9,0
335,339
8,23
8,4
6,0
78,79
4,0
20,0
2,11
276,213
2,36
20,25
2,0
4,0
19,25
25,0
4,0
4,0
14,0
12,13
6,0
10,17
74,86
8,34
9,15
10,0
2,27
2,0
20,0
436,363
10,38
4,29
17,0
102,161
174,189
4,0
50,36
7,40
144,139
8,6
6,0
9,0
4,13
6,54
116,113
10,0
34,21
64,79
2,4
22,0
20,36
16,2
2,0
6,36
2,0
2,15
5,17
2,17
14,0
3,0
20,0
359,293
4,23
2,0
2,0
4,0
4,4
2,0
6,29
4,0
18,0
6,0
4,38
163,128
131,147
5,2
6,19
3,4
4,0
2,4
4,2
3,0
10,23
3,0
6,42
4,0
4,0
3,0
16,29
6,56
76,63
20,2
18,0
2,0
16,21
9,36
8,0
4,11
257,258
92,152
2,0
227,239
10,0
20,54
92,91
12,42
5,0
90,40
32,0
2,0
310,229
4,0
6,9
58,47
10,0
12,42
4,54
4,19
7,0
2,0
20,4
2,21
32,36
20,54
2,9
50,34
2,17
87,123
174,189
338,335
20,17
112,115
6,11
2,47
2,0
2,0
4,65
45,29
450,425
3,0
5,0
2,45
2,17
14,27
14,65
28,58
28,0
4,45
3,19
20,40
20,6
110,126
4,34
40,34
2,0
68,81
20,2
16,40
18,25
20,63
27,69
310,355
24,88
2,0
8,9
5,6
9,13
9,15
2,0
2,0
2,0
2,0
17,0
179,207
2,23
12,49
2,17
312,290
84,47
16,21
5,13
6,0
2,0
2,29
5,6
2,23
222,235
26,0
134,103
10,19
283,293
492,585
20,4
10,38
6,19
2,21
35,38
52,56
224,220
416,347
225,272
9,17
362,435
3,0
7,0
21,67
4,27
25,0
8,23
2,6
282,297
24,21
238,223
2,13
3,17
51,29
2,0
2,13
125,139
20,81
2,2
20,29
11,15
6,0
68,54
60,17
2,0
319,363
22,0
261,235
2,0
186,161
112,108
4,0
2,19
32,9
16,0
4,0
44,74
5,0
8,0
10,0
20,23
66,113
16,0
52,93
10,25
81,98
116,121
2,17
20,27
14,13
132,142
6,23
20,15
10,15
20,34
120,121
20,23
6,47
98,74
2,23
7,9
8,23
4,11
44,25
9,40
20,25
2,36
146,96
4,11
20,49
2,6
362,304
116,172
368,335
14,23
2,6
2,11
4,23
10,0
52,25
109,142
4,42
20,6
12,38
294,368
15,19
8,0
6,45
13,23
445,398
2,15
132,142
2,17
2,19
3,0
6,15
14,13
2,34
4,40
42,49
2,15
22,0
16,38
3,0
7,0
2,0
6,47
10,17
39,15
12,23
140,134
2,47
2,0
2,19
4,6
2,0
6,0
4,2
32,17
2,0
44,13
27,42
2,9
20,0
14,0
8,23
6,42
4,13
6,0
3,34
4,19
2,40
25,40
19,0
2,0
6,15
140,152
14,0
408,389
6,0
10,6
20,38
2,0
5,19
2,0
8,2
11,17
5,0
2,0
18,79
8,0
242,242
4,0
4,19
32,84
12,0
114,147
2,29
6,36
69,60
2,23
22,0
2,0
88,115
109,105
2,0
200,175
146,136
280,276
70,86
6,17
17,13
2,40
22,23
10,0
4,17
37,2
20,27
4,6
120,139
10,27
5,27
2,25
8,0
12,34
2,17
20,27
2,11
5,4
2,0
6,0
4,6
216,245
20,29
2,15
4,0
2,2
20,17
3,0
8,2
20,49
20,29
8,0
8,34
436,455
308,331
125,131
2,0
20,13
2,9
35,40
3,49
2,0
4,25
5,0
2,0
2,0
4,17
20,9
21,40
6,0
20,17
5,0
50,51
2,0
78,96
10,2
3,0
10,29
4,0
12,11
6,0
92,108
100,93
4,25
186,155
224,207
262,297
96,103
15,27
6,0
17,2
4,0
6,4
5,32
15,32
2,25
92,105
4,6
2,0
4,0
20,13
42,79
2,0
2,23
5,0
22,81
2,38
2,0
10,0
2,15
13,0
2,0
14,0
2,0
12,29
4,0
2,4
8,19
40,13
2,0
8,17
25,19
24,47
14,0
88,65
160,189
20,34
124,115
49,58
2,32
188,186
285,301
183,192
15,4
16,42
20,0
4,0
172,198
10,47
139,139
26,4
4,15
192,150
144,103
41,76
8,23
202,136
2,0
132,150
14,15
2,54
6,0
2,0
10,45
20,0
12,2
284,265
52,60
4,0
31,47
389,389
58,72
6,0
6,15
2,0
3,0
5,11
384,368
20,45
352,368
36,34
6,6
12,21
2,21
5,0
4,0
7,0
51,23
20,0
209,204
8,6
16,54
4,0
3,6
142,113
20,0
104,134
4,4
30,32
2,0
32,0
8,9
5,0
324,255
5,0
20,0
2,36
8,0
4,13
5,23
4,0
14,25
462,470
217,213
2,2
452,416
20,38
180,161
54,29
260,235
26,0
2,0
53,96
8,0
6,0
240,229
2,0
6,0
2,13
21,23
12,6
7,27
8,25
20,0
8,0
44,47
30,36
39,0
8,2
183,155
20,65
217,242
6,32
4,17
6,0
28,11
4,0
46,27
10,0
3,11
2,25
9,0
148,136
107,110
10,0
5,0
4,0
309,359
18,17
8,23
2,19
7,0
20,17
24,2
28,4
20,2
15,0
20,38
5,0
126,150
13,11
12,6
110,79
2,32
5,42
15,0
8,0
60,45
4,47
8,34
2,21
4,0
3,0
4,6
4,4
2,0
4,0
2,25
299,323
10,0
5,29
6,0
3,0
7,4
12,0
2,0
2,15
320,359
2,51
4,51
14,15
27,36
8,0
200,210
8,15
4,13
6,42
8,6
3,40
2,27
4,9
6,34
2,0
29,13
20,42
14,34
4,0
206,207
5,38
20,11
348,265
250,210
16,45
2,25
2,45
12,76
282,269
8,0
8,21
6,0
216,201
162,161
4,0
20,56
66,93
5,0
120,93
2,0
10,9
172,161
7,0
172,207
145,158
5,0
4,0
175,180
20,0
179,189
2,9
7,13
424,445
4,4
8,0
20,6
124,136
10,11
44,47
100,98
32,29
376,416
3,0
2,0
2,0
2,0
8,0
104,45
42,19
3,0
2,6
2,0
203,204
4,27
4,0
4,9
297,339
14,15
138,126
4,0
2,25
192,239
17,60
306,363
262,308
8,15
3,0
54,91
4,0
2,27
2,0
3,0
6,27
50,63
20,32
2,21
14,38
4,19
22,0
6,0
8,0
8,0
3,0
3,21
32,9
10,36
20,0
2,34
15,13
8,6
8,6
170,207
64,86
82,63
6,0
2,0
2,15
40,49
2,4
7,0
8,25
2,0
4,4
44,69
165,180
12,42
190,175
52,32
22,72
10,58
148,126
4,6
20,17
2,0
20,19
6,0
7,0
2,15
4,23
2,11
144,113
352,335
2,0
205,235
10,25
6,15
7,0
60,74
12,9
344,339
195,183
328,363
330,359
4,19
329,304
8,0
2,0
32,54
386,416
19,2
52,23
8,38
3,0
148,123
10,0
78,56
10,0
6,21
490,480
26,21
320,335
3,0
8,9
6,11
190,166
10,0
35,27
2,0
176,198
4,13
3,2
12,21
4,0
24,79
2,0
6,27
20,32
6,38
4,0
332,385
42,51
17,25
3,23
7,11
362,389
8,47
193,166
20,2
42,45
2,9
2,54
8,0
2,29
22,42
12,15
8,2
2,0
2,0
2,0
6,42
237,245
14,17
2,0
2,27
20,25
168,166
6,29
116,163
13,0
20,40
10,11
394,368
290,301
24,40
310,335
2,13
4,0
2,9
170,183
86,84
2,0
2,4
2,23
122,152
4,19
2,17
2,0
3,19
270,283
38,51
466,475
3,47
82,84
2,0
4,0
412,351
28,2
120,163
134,91
20,21
20,23
4,0
4,0
4,0
11,0
168,178
8,36
2,13
20,25
136,155
2,0
4,54
4,0
2,0
10,45
2,0
4,0
4,0
20,0
7,34
5,21
356,380
6,11
146,139
14,0
130,163
2,0
8,0
148,121
4,32
4,0
5,15
11,27
320,319
346,304
154,175
4,0
8,6
3,17
277,286
20,13
76,96
166,195
36,25
8,34
13,67
362,319
2,0
2,0
9,38
4,25
17,0
2,4
4,0
41,76
198,172
3,6
22,11
2,0
7,0
2,0
260,258
8,0
8,0
166,192
20,19
4,0
2,0
20,6
20,0
2,0
58,72
4,0
2,0
20,19
2,0
6,15
2,21
2,0
29,40
20,15
56,49
12,9
2,34
2,0
12,11
2,0
16,9
6,0
4,4
3,9
8,0
4,2
6,9
36,0
2,0
440,518
60,110
2,4
370,339
20,65
4,29
3,9
12,17
434,425
308,245
10,38
7,0
12,0
441,430
2,32
2,19
118,113
5,0
244,252
218,229
188,201
186,147
8,0
6,0
26,0
3,0
6,0
35,56
4,0
20,21
4,0
2,0
129,110
4,19
352,385
8,32
4,11
2,0
2,36
2,0
54,2
4,2
20,19
276,252
2,23
2,19
4,0
5,0
20,47
10,0
242,308
393,398
102,105
2,17
102,115
209,229
20,47
11,0
220,255
8,42
8,0
11,42
2,0
11,23
220,248
8,0
10,19
2,40
2,0
5,29
15,32
22,0
2,11
2,29
36,21
4,4
6,0
3,40
327,301
4,27
37,88
2,29
2,4
2,29
7,4
38,34
2,0
9,11
45,81
2,0
16,0
24,15
2,2
10,13
2,0
7,32
105,118
108,88
18,17
2,38
6,9
8,0
462,455
47,17
7,9
9,34
10,4
49,76
20,0
2,13
20,34
20,15
204,262
4,2
144,103
16,19
55,81
28,27
4,6
44,65
106,100
4,2
214,189
4,2
3,9
7,4
50,108
132,115
181,189
232,192
20,17
8,21
66,29
31,6
148,139
2,29
20,19
4,0
494,485
4,19
13,0
2,9
4,0
2,0
8,0
3,9
2,34
2,0
226,210
3,0
4,0
20,6
4,0
20,34
7,40
8,40
2,60
24,29
189,201
2,0
20,2
446,450
10,0
67,121
8,27
20,11
12,0
6,42
188,229
14,0
24,29
7,19
4,0
194,210
4,23
2,0
35,0
94,91
92,100
2,0
16,29
2,0
20,17
6,0
18,0
107,110
7,36
102,98
4,0
2,11
4,0
18,0
6,0
76,58
492,485
4,0
140,136
2,69
16,29
47,60
8,21
6,0
10,9
2,0
152,155
2,0
9,0
28,13
6,0
4,13
12,0
4,0
4,4
80,98
246,258
4,9
2,42
2,0
164,155
4,0
123,108
8,0
2,0
8,0
15,15
2,23
4,0
34,49
20,23
2,74
177,189
2,36
356,389
22,4
2,0
4,0
2,4
11,54
2,15
228,180
6,0
16,54
4,23
2,23
2,27
10,9
6,15
100,56
4,4
219,262
386,331
84,91
20,0
7,0
2,6
8,36
2,4
197,204
156,152
2,0
12,15
216,220
4,0
28,49
5,13
10,0
28,21
6,15
438,480
8,0
2,0
116,105
2,17
6,21
2,0
14,4
5,25
99,93
109,74
6,13
7,13
2,19
22,9
2,6
2,27
154,144
118,98
20,49
4,11
4,0
430,411
44,9
46,19
4,15
4,0
8,9
18,34
27,32
2,21
20,0
8,47
6,0
2,0
2,0
198,183
2,79
129,147
12,38
144,152
2,0
2,0
2,0
278,297
4,54
7,21
4,0
8,0
20,49
2,0
2,0
4,0
2,0
4,21
10,2
48,58
2,0
10,38
2,6
426,421
275,248
74,65
27,67
2,0
39,11
126,84
4,4
4,27
5,4
5,0
4,36
4,21
6,17
4,0
6,0
20,0
20,56
15,34
16,27
2,11
2,0
18,65
105,134
472,496
9,0
20,13
48,42
2,0
2,0
2,29
110,113
4,0
306,279
8,6
11,32
2,2
2,0
10,42
4,11
2,0
8,19
2,13
20,9
7,9
306,312
5,29
4,0
336,290
4,21
14,11
351,368
152,166
4,9
12,60
220,229
16,0
2,0
4,25
2,2
20,9
2,6
4,0
16,21
7,0
48,47
3,17
8,0
11,0
6,0
4,0
92,113
2,27
14,29
2,40
65,74
4,0
2,23
2,0
72,100
20,19
20,56
6,0
4,0
20,0
11,0
220,201
234,210
2,0
26,40
20,0
6,0
165,139
13,0
4,21
6,4
2,25
148,118
14,0
6,67
13,0
4,25
330,359
10,9
20,11
4,0
193,172
10,34
14,0
5,11
2,13
6,0
2,0
20,38
23,40
220,207
5,0
24,9
2,49
95,91
48,91
4,21
6,25
9,15
4,0
4,29
4,0
12,4
108,136
8,9
5,0
4,9
2,15
2,0
7,40
4,0
431,440
126,144
3,17
11,34
2,34
14,56
20,11
5,4
155,142
10,0
110,84
5,17
2,21
4,0
2,27
4,6
10,0
4,0
2,23
176,126
178,213
10,0
14,11
2,15
4,34
7,19
110,152
2,17
6,0
2,0
20,19
36,0
4,0
452,421
4,15
2,0
4,0
7,9
11,0
2,45
3,11
2,25
206,232
2,9
15,13
129,136
6,27
17,11
28,23
10,2
284,265
5,0
2,25
4,9
20,19
4,0
2,0
2,60
2,0
20,13
3,0
29,13
2,0
4,0
2,0
8,36
4,40
88,115
2,13
4,2
18,13
8,17
4,4
2,11
13,9
443,502
4,40
2,0
4,9
328,276
2,0
3,0
40,32
2,13
12,36
4,23
50,108
40,0
5,25
4,6
13,40
2,0
147,136
20,45
234,226
4,0
3,0
4,13
2,0
188,178
9,0
2,0
284,286
42,115
3,0
3,32
4,34
15,0
10,6
2,47
2,0
2,45
184,192
3,6
10,32
3,19
9,27
8,51
12,32
218,201
145,161
26,2
4,6
2,0
141,172
101,103
2,15
20,15
10,36
59,49
2,58
13,11
20,23
4,34
215,207
2,6
4,34
12,4
2,34
20,25
348,389
32,56
434,480
20,58
177,201
6,0
5,17
4,6
6,0
336,316
2,0
12,4
6,29
8,0
16,25
87,81
286,232
8,0
10,69
2,45
13,25
20,27
218,242
3,0
2,0
14,0
16,0
135,139
4,4
6,0
8,11
2,13
12,9
2,0
7,0
5,11
223,201
263,276
11,29
6,27
2,0
2,0
36,38
248,213
2,42
258,210
6,0
2,0
20,36
6,27
14,34
2,0
56,40
54,36
148,136
2,0
2,34
8,0
48,69
21,4
4,9
20,19
4,6
8,6
16,11
42,38
20,17
2,15
118,69
54,58
20,0
2,25
2,45
4,4
20,38
69,54
6,21
65,40
4,0
8,42
2,0
6,40
385,450
20,49
227,201
24,4
2,0
135,86
269,262
16,0
20,27
4,2
26,58
2,13
16,2
110,134
20,0
72,56
3,0
5,0
290,255
9,15
20,25
14,27
2,29
4,0
2,0
9,0
2,32
17,6
2,4
10,13
8,0
24,0
4,0
12,17
9,0
2,23
10,0
4,4
14,0
8,11
9,34
4,0
104,131
2,11
70,96
8,0
52,54
130,136
44,40
6,0
38,49
36,45
2,0
8,0
78,60
20,0
69,88
207,192
60,51
70,63
7,49
312,262
2,0
2,21
16,0
2,0
16,40
4,0
4,0
4,0
2,0
12,0
38,51
14,42
8,2
5,4
12,0
104,105
35,42
162,223
2,0
2,0
8,13
12,0
8,0
17,0
4,40
23,42
76,65
2,0
8,19
4,23
20,29
7,25
2,0
2,0
362,339
128,121
2,0
20,13
50,32
10,2
146,128
2,0
3,0
101,121
8,2
12,17
26,40
12,9
4,13
6,38
4,0
210,201
20,60
48,38
52,76
3,15
2,13
4,6
2,29
4,9
4,0
2,0
34,0
2,0
39,67
8,0
2,25
5,0
12,0
52,38
8,40
2,0
262,276
14,11
128,172
7,0
4,6
2,23
48,32
32,47
10,0
2,0
9,17
5,36
10,25
2,0
8,23
2,0
2,0
14,0
159,213
5,15
18,25
43,69
6,0
4,54
147,131
460,502
56,32
2,29
20,34
8,25
12,23
2,0
55,96
18,25
2,4
6,0
5,27
6,4
10,11
3,0
91,108
458,435
13,17
2,6
102,110
139,150
420,385
2,0
21,56
288,265
2,13
5,11
4,13
7,32
184,186
8,0
145,126
21,34
4,40
45,42
5,0
4,0
2,0
4,15
7,21
2,40
166,183
10,0
3,13
45,69
28,4
469,518
224,286
2,0
4,23
81,72
3,19
2,0
128,142
412,455
2,38
188,183
2,17
4,36
20,2
4,11
4,17
20,27
2,0
2,6
5,0
2,51
12,19
8,0
174,155
218,239
14,0
25,65
366,445
17,15
486,470
2,0
112,118
3,21
134,136
2,0
20,60
277,283
2,0
21,0
304,265
16,76
9,69
20,27
2,4
4,27
2,6
12,51
46,13
4,6
2,4
2,23
2,2
36,38
16,9
3,0
4,0
20,23
20,65
2,11
127,139
4,45
72,88
6,25
20,0
3,0
2,29
12,34
16,0
62,38
3,2
4,23
134,123
2,0
126,134
8,29
2,0
18,38
140,169
14,19
2,0
2,0
4,0
20,47
16,0
33,40
57,91
28,40
4,0
8,0
20,29
252,262
42,54
480,502
124,69
2,0
4,2
20,11
128,126
10,36
198,183
2,49
20,9
2,0
48,60
160,123
72,84
8,38
17,17
8,0
86,128
4,0
162,150
218,258
2,19
6,23
36,6
5,13
4,0
12,11
2,0
121,123
93,110
156,105
8,0
18,27
9,38
461,440
9,23
130,110
51,38
3,21
20,0
224,265
5,4
8,17
77,58
4,0
2,27
2,29
24,34
4,0
20,19
46,27
60,32
8,0
4,40
54,69
12,13
122,166
146,201
6,0
213,239
2,19
196,207
6,47
63,47
339,347
177,195
7,17
5,0
292,262
2,0
86,110
9,17
35,49
5,21
3,29
2,0
351,245
9,11
28,2
17,0
42,47
20,19
75,91
2,9
4,0
110,121
108,118
27,34
456,524
254,245
2,0
92,105
2,17
127,178
18,23
22,29
4,0
8,0
484,524
2,0
2,21
3,0
2,13
2,0
6,0
33,6
16,0
142,115
12,27
2,15
4,9
2,32
2,15
3,0
2,0
16,23
37,49
27,21
4,0
116,110
123,169
261,293
12,21
10,0
9,13
121,84
17,34
37,25
5,0
18,25
46,56
4,9
20,19
4,0
2,9
2,25
4,42
20,2
6,11
126,128
12,2
453,507
8,34
8,13
134,136
163,152
2,72
8,9
2,6
158,169
10,0
56,51
33,51
4,23
184,198
166,186
20,25
3,0
384,393
8,13
227,204
2,11
2,13
5,0
52,79
2,0
2,0
12,0
3,34
4,19
14,34
8,9
322,351
9,23
2,29
2,0
2,9
2,32
119,100
21,0
20,9
20,38
82,121
2,19
364,389
20,9
20,25
8,49
13,0
6,0
4,0
2,0
132,100
2,0
2,13
326,279
20,36
2,19
192,198
364,398
6,0
5,0
8,0
49,103
16,0
21,49
3,0
2,15
6,17
386,389
2,13
6,0
2,0
15,13
118,161
9,0
4,4
32,45
63,60
2,9
2,25
2,65
20,29
106,126
20,27
2,6
166,201
15,0
6,0
6,0
238,265
4,9
122,108
18,9
6,0
2,9
6,4
181,198
8,0
199,195
124,126
2,0
4,29
2,9
4,27
150,152
20,0
264,276
3,0
12,38
2,11
4,13
2,0
275,248
5,9
20,19
23,0
2,13
2,0
2,19
20,42
232,229
2,0
151,91
4,6
6,17
2,17
10,38
6,0
211,189
32,47
8,0
8,0
6,0
131,150
2,0
23,13
6,0
2,13
2,23
2,0
2,0
56,65
8,0
14,6
8,0
64,42
3,0
316,286
364,339
72,65
116,118
20,45
20,0
2,13
237,213
210,192
34,56
6,0
20,4
8,4
6,11
4,0
2,2
23,13
253,262
6,0
12,47
10,0
39,9
12,38
43,69
11,23
68,58
275,269
30,60
3,0
237,216
2,0
20,15
2,38
2,36
4,0
12,23
22,29
4,0
15,27
9,0
28,0
378,435
4,58
153,155
16,49
2,0
4,0
2,0
20,21
5,58
20,4
436,416
10,0
4,0
4,2
10,38
4,9
7,15
9,36
20,29
315,380
20,0
10,4
8,19
2,0
6,0
4,0
4,0
4,32
2,0
28,60
6,19
3,9
200,186
16,32
8,0
5,0
6,45
134,134
20,21
40,36
2,42
2,19
2,6
3,0
468,435
206,180
21,32
4,27
18,25
10,21
2,0
2,0
29,21
48,49
8,0
48,108
2,29
52,63
20,45
6,0
32,19
2,11
3,19
76,123
110,147
55,58
2,0
12,0
112,105
24,29
5,0
2,0
8,0
20,0
20,0
128,169
10,0
2,0
21,91
2,0
2,36
2,11
2,40
2,0
4,0
2,17
4,0
16,32
4,0
136,144
9,6
6,0
13,76
4,0
74,74
12,23
6,29
5,0
45,56
194,178
4,13
8,2
194,239
20,9
6,36
2,4
6,4
6,0
4,11
244,248
38,49
14,27
6,17
18,23
24,76
128,118
20,19
2,0
482,470
20,0
137,136
7,0
20,0
2,6
2,0
128,150
2,54
2,27
11,45
20,15
20,0
8,40
3,21
154,128
13,45
20,9
4,0
7,0
180,213
2,4
4,0
20,27
5,25
10,23
24,47
20,76
140,131
180,158
39,63
2,36
12,29
2,4
2,0
72,88
2,0
26,42
175,142
2,0
7,0
123,144
2,0
9,0
5,40
8,0
28,27
14,0
138,166
134,126
17,0
4,9
14,19
6,58
15,25
6,27
204,220
128,108
18,49
16,0
4,4
4,0
6,0
104,128
6,2
6,29
4,2
2,2
16,65
2,0
2,17
8,9
20,9
9,0
9,32
204,207
10,0
8,0
20,0
2,19
37,56
4,9
3,0
20,4
324,304
305,398
18,6
8,0
110,123
4,6
16,19
2,0
5,27
226,255
150,183
18,38
9,15
20,0
256,283
4,45
11,38
238,220
12,17
24,11
4,0
22,0
179,198
2,34
4,36
4,38
66,88
93,123
355,402
8,0
4,6
132,155
12,0
2,38
2,21
140,134
20,15
2,0
2,9
20,45
8,0
106,108
20,54
2,15
38,34
6,40
2,19
2,0
132,103
2,4
8,0
7,25
2,9
13,0
25,32
2,0
8,0
120,139
220,232
5,29
2,27
20,32
28,36
246,258
8,0
270,290
42,34
2,0
2,6
272,213
2,0
8,0
22,0
11,38
2,0
16,21
48,69
223,239
10,9
2,4
2,0
98,100
2,21
20,0
416,425
2,17
8,0
5,0
20,17
28,25
8,36
2,9
2,0
58,34
5,11
3,25
7,0
214,189
2,23
2,0
9,4
12,4
2,0
4,32
2,4
26,11
7,0
2,0
6,19
20,0
12,2
43,36
47,32
20,23
2,11
5,45
20,27
12,0
10,0
2,0
85,74
3,0
378,385
4,9
11,0
3,0
2,0
3,45
2,13
10,17
9,0
2,17
3,0
2,25
237,210
10,17
2,25
4,21
112,93
132,178
5,15
9,25
45,36
4,4
7,17
9,40
200,245
2,38
3,15
9,38
3,27
2,0
2,54
42,60
62,96
88,56
234,201
2,0
22,29
2,17
52,34
10,2
8,23
70,45
2,4
4,54
4,9
20,21
4,0
48,13
24,13
2,38
6,17
4,0
10,0
170,136
20,38
80,98
2,17
8,36
2,54
12,0
96,105
2,0
25,36
66,65
7,40
20,19
3,0
2,0
6,0
14,54
136,88
4,9
20,0
53,34
6,4
16,21
3,32
10,19
92,96
4,0
275,242
4,45
17,81
4,25
4,4
148,175
10,13
12,29
6,27
2,0
2,0
2,6
461,475
6,0
5,0
2,0
10,4
2,27
5,23
110,134
9,4
3,6
2,0
8,0
13,6
96,86
2,15
78,86
9,34
10,0
3,27
13,13
16,40
4,0
6,0
104,128
2,0
8,0
2,0
8,27
417,455
8,0
2,0
5,6
9,9
52,56
4,0
110,88
272,239
190,210
4,2
2,0
6,2
121,131
2,9
24,15
4,34
116,144
116,86
4,0
2,0
13,25
2,0
4,21
106,88
2,11
3,0
303,385
4,42
170,134
2,0
13,0
280,293
2,42
2,9
5,38
2,0
12,0
10,13
6,15
14,0
2,0
2,0
132,139
7,13
34,42
14,2
8,0
4,40
120,144
8,0
7,40
9,23
16,15
4,32
10,19
2,0
3,9
18,0
2,9
4,4
8,23
4,0
3,0
4,29
8,19
108,136
346,301
110,108
4,21
5,11
128,128
2,17
2,0
6,17
8,0
6,0
8,17
6,0
8,0
2,15
116,131
14,58
38,4
2,27
7,27
2,19
2,0
142,163
10,0
30,9
8,0
2,11
9,0
10,4
2,17
10,0
36,32
9,0
2,0
2,0
14,60
20,17
2,38
6,38
17,0
2,38
2,34
2,2
15,9
6,0
28,0
58,29
4,17
130,142
4,13
8,0
258,283
16,17
3,36
7,0
2,0
10,0
6,17
175,242
3,36
2,2
53,42
8,0
54,56
15,0
4,9
15,13
6,0
2,0
10,0
12,0
2,0
10,17
2,0
216,226
106,67
9,25
2,0
8,0
2,40
41,36
4,0
4,0
136,105
2,15
11,0
7,0
291,319
484,450
2,0
6,36
2,0
358,347
36,40
117,136
116,113
3,4
5,9
2,0
10,19
134,84
128,100
6,6
8,0
21,9
10,4
2,32
10,0
7,27
2,0
3,6
8,17
5,27
20,27
20,0
20,0
148,147
2,27
5,0
2,54
24,25
261,213
60,11
9,0
10,11
11,6
366,450
151,175
2,0
6,32
323,359
4,0
24,4
7,11
70,84
4,23
28,21
12,13
11,0
41,21
37,13
107,74
20,4
169,201
6,15
8,11
66,58
133,121
2,29
20,4
12,27
55,56
16,13
8,36
9,0
166,150
22,6
8,0
13,38
37,42
24,17
11,13
32,27
20,0
10,72
26,4
410,430
9,0
2,29
394,421
200,204
12,0
6,0
37,65
8,0
5,0
228,178
120,123
42,56
68,103
196,183
6,0
7,0
6,11
2,0
16,4
13,9
4,51
2,0
114,81
2,0
10,25
2,21
20,36
2,25
30,49
2,32
20,38
82,72
4,0
8,0
3,38
4,6
5,29
7,0
10,0
12,0
187,152
20,6
2,13
2,6
20,29
2,0
20,29
10,0
8,63
2,0
450,425
20,38
2,0
20,0
132,150
6,0
5,4
2,19
82,54
2,0
4,23
9,0
4,0
14,23
8,0
9,11
102,110
4,0
312,327
16,4
2,4
2,11
20,27
9,4
2,0
328,279
4,45
2,0
10,4
6,19
2,19
3,0
302,255
20,51
6,17
52,2
4,4
4,15
4,0
158,201
19,60
2,6
2,13
2,0
9,0
2,0
73,40
42,45
10,0
3,32
369,398
128,180
2,0
13,2
2,0
2,0
4,0
8,0
20,6
20,4
2,0
150,178
8,47
90,84
4,19
2,25
8,13
61,51
160,169
40,25
2,0
44,56
2,0
113,108
155,147
2,0
6,0
198,213
10,17
2,0
49,69
8,34
453,435
166,161
6,29
219,220
440,445
10,6
22,21
24,0
2,0
212,239
8,32
12,19
115,155
2,0
2,65
2,49
8,9
474,416
4,0
6,0
48,38
4,0
6,15
5,2
6,4
4,4
328,327
2,65
345,343
44,47
5,0
2,25
4,11
4,0
12,0
2,4
23,21
36,25
2,0
105,118
20,19
104,69
28,19
2,0
6,0
6,60
18,25
51,0
45,51
90,81
20,0
204,192
22,27
12,0
4,0
368,335
10,13
464,460
4,0
2,63
20,27
376,430
6,0
12,40
4,19
118,150
7,42
9,0
2,0
2,0
5,0
22,0
2,0
2,0
12,0
444,450
2,0
2,6
5,36
8,36
12,4
2,6
20,32
10,0
12,27
8,0
36,36
8,0
20,25
20,34
99,142
4,0
9,0
7,0
18,32
70,25
135,115
6,0
2,0
20,42
2,0
7,23
81,98
5,0
20,45
3,0
20,0
8,0
23,11
47,21
13,0
197,169
6,40
4,4
2,9
78,98
2,2
2,29
148,169
283,262
4,25
20,11
2,17
10,21
32,56
8,19
8,51
27,76
151,155
6,19
2,29
13,0
113,136
4,13
4,0
2,0
8,0
5,0
2,2
14,11
491,455
8,19
2,0
18,0
4,6
4,0
429,496
2,0
4,0
68,76
62,67
12,11
432,435
20,23
10,38
20,42
32,36
2,38
2,2
4,0
259,189
276,297
46,72
212,183
421,430
100,91
16,0
8,17
80,54
192,169
230,226
2,0
3,0
11,0
2,0
4,2
224,150
20,13
6,29
2,0
2,25
2,15
4,32
2,0
146,152
36,21
2,0
4,0
2,0
2,0
74,81
2,15
8,36
204,226
144,69
20,47
400,402
20,4
83,13
6,0
8,0
22,58
3,42
18,11
20,42
164,183
2,21
2,21
3,29
4,0
12,0
37,27
2,0
419,445
6,4
2,0
2,11
8,23
150,139
2,11
34,19
20,19
320,319
162,161
203,189
4,0
6,34
374,347
2,4
2,27
6,4
140,142
3,0
6,0
6,17
16,51
41,32
2,25
38,23
72,49
13,13
8,45
2,4
20,2
2,2
2,6
8,13
2,4
4,0
2,2
72,54
2,0
20,11
20,25
24,76
330,351
2,0
12,65
149,131
2,0
265,223
156,169
12,23
2,0
18,4
20,13
4,32
20,0
8,60
4,21
20,72
2,0
2,0
44,65
2,0
422,376
2,0
4,13
15,67
3,4
4,0
8,21
3,2
19,0
2,38
2,0
8,0
2,0
4,0
2,0
96,91
2,0
14,2
6,0
6,17
2,42
2,6
62,60
2,0
15,0
10,2
17,15
184,161
10,65
11,0
14,32
2,40
5,51
138,161
12,2
2,27
4,0
4,0
10,13
8,0
3,0
50,29
60,47
4,36
34,0
2,38
20,45
110,105
20,15
20,13
180,178
4,0
4,0
2,25
66,38
168,161
12,40
363,319
7,0
2,0
4,9
5,49
2,21
22,0
6,40
2,6
5,0
3,0
31,32
2,0
60,47
76,60
32,81
8,0
20,2
4,25
6,15
2,0
12,0
12,47
3,0
184,204
168,150
8,36
16,0
16,4
116,158
2,0
9,0
288,290
33,38
8,13
2,6
3,23
20,76
4,25
2,13
56,45
14,49
2,0
2,19
20,29
48,72
2,32
10,0
46,45
70,38
10,0
16,36
16,27
2,0
5,19
364,339
88,96
4,11
149,195
352,339
62,58
9,0
2,13
28,6
56,96
10,21
24,23
3,51
8,19
5,25
106,91
48,60
7,27
2,11
232,180
373,385
2,0
252,272
5,17
22,19
314,279
5,0
4,0
8,0
23,0
20,27
4,21
2,15
2,2
422,389
4,32
4,42
36,0
2,40
12,54
56,27
2,9
2,21
6,4
4,0
8,0
94,84
6,32
20,0
2,0
4,6
458,425
4,25
14,15
45,72
4,6
4,36
48,60
43,63
2,0
44,36
2,0
30,54
4,29
2,13
2,0
10,0
4,13
9,21
3,0
20,0
338,339
10,0
20,54
3,0
4,17
2,0
114,36
174,183
166,158
2,11
5,2
214,195
66,0
106,123
177,210
10,2
8,6
120,121
2,0
84,93
8,19
66,29
228,252
414,359
6,4
10,0
6,51
10,0
40,0
12,0
20,21
376,308
324,297
10,19
39,34
121,128
5,25
10,0
44,60
2,25
116,103
90,144
4,36
67,81
7,0
107,115
10,19
2,34
6,0
4,15
4,23
4,0
132,136
236,198
340,372
2,0
6,0
12,42
2,0
224,210
8,45
116,118
8,27
20,25
176,201
3,2
5,0
2,0
7,6
8,27
4,13
2,4
230,150
10,0
5,11
2,0
462,430
18,32
10,0
9,45
9,0
30,21
334,363
8,27
6,11
50,49
6,21
2,0
20,11
20,6
192,210
4,9
2,0
2,0
2,11
4,0
2,40
20,0
4,0
4,11
3,0
133,93
4,0
8,0
4,56
2,27
2,21
2,0
90,58
12,9
10,0
346,319
2,23
490,455
4,49
2,0
105,134
2,27
2,0
20,19
2,0
4,0
16,11
76,79
248,258
20,21
2,0
20,34
222,232
42,27
16,4
20,6
11,32
2,23
10,21
18,4
128,150
2,19
7,38
2,2
9,0
4,4
2,25
6,15
2,0
2,0
6,23
4,4
106,108
54,96
28,0
20,25
12,13
2,0
2,0
6,40
2,0
124,100
112,147
85,54
8,0
5,0
15,47
14,19
25,0
2,6
20,0
2,0
6,9
170,115
180,144
2,19
37,25
3,0
2,19
7,17
18,42
13,29
8,27
27,67
24,0
24,0
4,23
424,376
18,29
468,470
2,4
24,47
255,213
2,0
3,40
7,15
7,6
19,40
2,0
4,9
2,29
108,98
8,0
2,25
50,32
6,25
2,0
31,9
34,0
36,13
2,27
5,13
14,15
5,6
2,0
18,19
6,9
5,21
10,2
2,2
10,0
4,0
314,272
2,36
2,9
20,74
49,45
2,0
2,0
7,17
296,304
2,0
13,0
8,36
2,0
3,21
343,335
6,2
30,23
4,2
63,88
20,42
32,84
122,84
4,45
332,335
14,2
74,67
20,21
35,27
26,2
2,0
3,4
157,178
208,232
4,0
2,9
23,23
4,0
6,0
14,0
108,103
4,32
8,6
4,0
2,27
182,189
4,23
20,27
2,36
50,51
3,9
14,21
2,36
20,29
12,19
2,47
4,32
36,51
20,0
113,186
64,45
5,11
2,0
220,216
2,0
4,0
2,0
10,4
20,25
8,76
2,23
14,0
8,0
2,0
7,0
400,372
192,178
244,201
142,189
9,0
12,0
5,0
9,23
4,0
20,38
55,54
127,110
102,105
16,56
228,172
4,6
20,32
62,74
134,131
32,0
388,455
2,0
14,0
20,63
26,27
20,2
6,42
2,4
326,293
5,0
2,29
31,13
3,0
2,0
3,0
6,6
4,0
10,11
11,34
290,276
6,56
13,0
4,40
20,21
15,11
17,32
179,210
22,56
16,27
2,0
2,4
20,51
32,65
12,6
74,60
35,0
12,49
468,542
171,139
4,0
4,0
320,363
84,81
33,15
6,0
24,32
24,21
8,36
2,0
11,15
6,2
2,0
23,4
20,0
2,6
16,21
4,0
240,213
48,69
13,27
66,79
7,2
16,49
4,0
182,136
4,49
5,2
37,49
126,142
12,11
14,6
20,19
19,2
154,178
4,21
441,407
20,45
5,29
20,0
57,25
10,4
4,0
2,6
2,0
6,19
12,21
20,0
2,0
6,11
101,96
6,0
340,258
4,0
214,216
52,21
6,11
22,63
9,25
408,465
2,23
2,19
2,0
26,0
5,2
28,34
8,25
4,0
3,34
6,11
43,63
2,6
306,343
20,0
20,9
54,29
2,0
24,13
2,4
2,0
13,0
2,23
140,144
14,0
12,4
174,201
36,74
36,60
2,11
57,81
2,2
7,17
8,15
4,4
4,15
10,0
12,6
38,25
16,0
2,0
253,229
11,17
3,29
15,23
7,0
3,4
12,51
20,15
18,0
8,0
5,2
20,23
2,6
370,335
100,126
20,51
10,32
3,29
20,0
22,23
278,265
4,15
20,42
8,9
20,25
136,100
55,74
20,17
4,19
2,15
8,19
126,84
2,2
436,407
4,11
2,0
8,0
21,0
2,40
188,158
41,56
18,0
64,65
2,0
2,9
4,0
12,0
18,40
82,65
5,29
5,0
2,0
2,13
5,9
148,180
8,0
144,147
4,25
19,15
8,29
3,0
10,0
215,207
3,0
10,0
215,258
20,42
188,161
6,23
4,13
4,9
14,0
12,13
3,27
72,40
10,13
164,155
2,0
102,84
2,17
138,139
133,113
2,0
389,393
15,17
6,0
2,0
2,0
52,58
176,136
15,0
20,9
484,475
8,45
32,56
43,69
10,23
2,19
4,0
463,491
288,239
2,27
2,13
145,131
472,440
2,0
2,0
20,29
2,36
20,9
14,21
4,0
2,0
20,27
2,19
10,11
89,93
112,96
25,45
108,169
20,38
6,23
2,13
27,34
31,6
2,19
129,139
14,0
9,0
26,4
172,178
21,0
88,84
20,36
48,40
2,13
4,47
2,9
28,47
20,0
20,47
20,11
11,25
2,17
374,380
84,103
3,0
5,23
2,38
364,363
2,0
12,15
12,19
41,63
2,21
4,0
6,13
20,47
18,27
28,0
43,27
18,21
6,13
12,2
31,2
2,0
2,15
20,15
4,21
108,131
2,23
6,2
36,29
9,9
81,69
2,0
16,0
356,380
2,27
2,6
16,0
327,347
282,316
136,121
3,0
188,180
70,86
4,0
22,6
12,15
2,47
2,0
7,15
98,81
20,0
8,0
2,17
2,0
16,4
39,56
20,0
3,0
4,0
16,11
10,4
7,11
16,0
108,103
103,172
190,207
326,316
19,25
8,17
2,0
2,36
4,9
24,38
2,25
58,17
34,45
442,445
7,0
2,25
27,11
6,25
4,2
2,2
8,0
20,36
2,40
56,67
4,2
4,0
20,60
3,19
20,40
8,6
2,42
110,178
20,27
4,32
20,0
36,23
4,6
4,0
138,88
2,6
2,6
8,0
2,0
96,121
20,40
4,13
8,38
18,0
5,0
25,4
60,58
2,0
6,2
2,0
9,0
16,13
4,0
15,0
2,29
10,21
356,323
4,29
8,19
10,17
128,134
8,17
8,38
2,38
2,0
54,76
2,0
3,32
21,0
12,0
16,0
25,27
8,0
102,76
5,0
4,0
2,0
494,542
16,6
20,0
4,0
2,0
86,60
8,6
28,45
4,0
22,42
2,15
4,25
2,11
106,81
263,235
6,0
10,11
2,13
9,23
27,19
3,17
114,121
10,0
2,0
2,25
4,6
2,40
2,40
2,34
400,411
80,65
4,49
62,4
12,0
10,21
114,115
6,47
9,29
3,13
304,304
30,36
298,316
4,2
4,0
122,121
2,0
20,21
12,42
107,128
16,0
3,19
5,15
6,0
6,0
2,0
2,13
20,4
10,2
499,554
207,210
408,421
16,0
312,376
22,2
12,47
4,25
20,40
17,2
24,0
20,27
2,13
6,45
120,84
132,110
2,19
12,0
364,407
5,0
5,0
42,40
2,0
17,0
2,0
4,13
20,32
324,304
4,0
2,2
39,29
42,69
6,0
37,45
6,0
20,6
2,54
9,47
14,0
462,425
2,29
3,0
6,2
201,180
195,204
2,27
181,183
16,36
432,416
147,123
20,0
176,155
7,65
6,0
332,255
2,19
9,2
2,0
246,229
5,0
2,17
10,36
2,0
24,38
4,11
203,139
54,81
2,4
32,27
20,40
20,27
10,0
5,0
2,17
202,201
20,32
9,36
6,0
60,25
4,42
4,0
8,42
10,6
276,276
448,480
20,27
4,0
45,25
2,0
156,113
4,15
90,79
9,36
83,81
4,0
4,25
4,0
3,0
20,38
2,4
8,0
6,9
392,402
74,63
30,58
4,0
20,63
176,131
204,223
20,34
7,15
6,0
50,21
98,166
6,0
2,0
10,13
2,47
59,63
6,0
4,0
16,32
14,45
160,201
12,34
2,54
2,0
34,15
4,13
2,0
2,38
468,411
2,0
90,76
354,355
2,11
20,29
46,60
20,19
224,220
6,36
12,0
40,13
12,0
4,27
2,27
268,319
404,435
8,9
22,21
216,248
2,0
161,147
260,262
4,0
2,6
2,0
20,0
2,4
10,0
4,0
2,6
2,0
368,393
2,0
2,54
4,17
21,17
16,67
20,2
20,9
116,126
4,11
4,0
3,0
51,36
9,19
128,131
2,38
30,4
113,126
10,0
23,0
15,27
460,566
90,91
39,47
2,0
5,0
14,45
3,0
18,0
2,0
184,198
4,0
4,19
10,47
110,118
258,232
7,23
5,25
79,63
16,29
9,34
4,9
150,134
146,198
3,0
6,45
62,56
2,0
20,13
4,13
3,17
104,91
4,11
4,34
2,6
20,0
2,13
134,163
110,100
73,63
70,27
2,0
3,2
2,0
463,440
4,0
4,0
4,0
2,19
4,11
51,56
52,36
4,0
6,0
457,440
2,11
242,226
2,17
2,2
2,32
7,72
16,47
8,0
2,0
3,0
3,0
4,0
94,93
3,2
18,4
78,51
6,0
2,27
2,19
9,0
27,0
20,21
28,49
5,0
16,42
2,0
20,23
4,0
2,17
4,0
20,13
43,79
2,19
9,27
10,2
4,0
9,0
7,6
8,0
2,25
20,29
12,27
47,103
20,36
337,283
12,34
4,2
6,42
2,19
8,0
4,0
4,0
40,60
2,0
2,19
16,23
3,27
20,11
6,0
2,0
8,17
24,56
212,186
5,23
2,0
2,21
2,0
2,6
61,38
4,9
42,36
13,23
2,6
2,2
3,27
10,19
8,0
74,81
8,0
6,25
10,21
117,139
77,79
6,40
2,0
5,34
8,54
236,226
2,32
8,21
12,0
28,38
20,15
249,248
4,0
2,4
116,105
216,235
2,0
20,4
69,13
95,118
2,0
4,13
2,0
5,4
16,0
4,40
153,175
2,6
20,6
2,0
9,0
16,69
26,51
4,2
2,6
16,21
266,239
2,17
2,29
312,319
10,0
20,42
55,40
2,4
48,126
84,72
105,98
18,36
6,13
498,502
2,4
4,23
10,11
280,343
60,51
239,239
2,23
2,29
20,0
10,15
8,9
116,81
12,60
117,139
4,0
4,45
2,6
402,430
4,0
46,42
20,0
4,2
108,105
224,255
18,9
28,36
294,335
4,13
9,0
2,0
166,201
16,13
22,0
2,25
114,108
28,11
2,42
6,32
7,0
10,0
20,0
4,0
36,72
56,51
4,0
2,0
68,79
2,19
70,40
3,9
9,0
12,51
10,0
4,2
2,4
130,121
2,32
2,51
14,17
4,0
7,0
111,76
4,9
153,166
148,158
24,13
117,115
12,17
13,0
24,19
3,0
8,65
218,201
16,13
4,0
94,91
20,0
2,9
3,25
10,11
80,100
2,32
4,19
22,40
20,27
20,60
11,9
20,27
71,134
6,0
4,2
31,0
9,2
4,13
4,19
204,269
122,96
23,56
90,113
334,407
2,0
2,6
8,0
13,19
76,65
36,47
6,0
122,105
20,0
2,15
6,0
20,15
4,4
2,0
4,0
11,2
20,19
135,169
2,0
6,0
9,0
483,480
313,239
4,0
4,25
371,343
9,0
276,301
4,0
6,21
16,25
2,0
390,385
2,0
2,0
11,2
3,0
172,180
8,0
2,0
72,91
4,0
20,25
3,0
417,480
10,40
12,42
20,0
106,93
2,0
14,0
8,25
6,11
2,0
15,9
6,6
4,0
20,45
55,47
2,0
4,0
61,29
11,0
4,0
16,91
8,0
20,34
6,6
2,0
2,0
20,27
2,9
12,17
3,38
126,121
4,0
16,49
2,0
10,15
6,0
4,0
292,297
19,9
15,15
2,36
36,49
4,13
20,13
8,0
2,0
20,17
111,98
6,25
8,17
9,2
8,2
4,34
2,19
4,17
8,0
13,0
3,0
30,0
2,0
2,0
8,0
110,74
15,0
2,13
12,0
5,2
6,0
32,27
2,0
22,15
10,49
20,65
2,21
128,128
103,76
6,6
16,0
14,27
18,0
2,6
10,29
14,49
12,45
8,0
7,0
96,113
2,0
30,36
7,6
20,49
32,0
2,9
2,0
2,27
112,115
19,0
6,13
4,25
20,27
2,34
4,6
10,11
2,4
12,56
106,113
20,9
89,88
6,45
347,359
3,0
4,0
6,0
10,21
4,0
2,23
100,100
112,98
140,121
4,4
232,213
2,0
8,49
2,6
9,11
2,0
6,0
20,15
20,4
170,198
2,17
2,19
6,0
10,29
398,455
238,239
4,0
4,0
4,2
12,0
13,4
16,15
122,108
2,56
4,0
104,123
2,11
4,15
250,276
165,142
214,195
2,0
2,11
187,172
2,0
10,25
8,0
4,38
2,17
2,0
4,15
6,11
20,25
7,0
62,76
20,32
8,60
8,0
74,100
5,0
4,0
2,6
20,29
20,4
12,4
3,51
166,163
20,47
112,98
74,67
6,21
16,17
8,42
108,105
4,0
8,0
64,63
19,0
104,126
4,27
20,15
4,2
117,96
6,0
124,126
20,0
2,0
55,45
2,0
4,15
2,32
8,0
16,6
4,2
10,15
4,0
13,36
14,0
84,51
9,21
2,0
164,155
149,123
4,0
2,0
16,27
9,0
2,0
190,198
4,19
18,0
4,0
20,36
4,0
10,13
20,49
2,17
2,0
6,0
2,0
5,34
126,67
4,0
6,0
12,51
2,21
2,0
14,49
2,0
20,40
4,0
9,0
82,126
2,13
2,11
20,0
58,67
5,0
28,2
2,0
174,180
6,29
12,21
24,47
4,4
252,252
4,2
24,6
68,49
358,343
116,56
26,36
18,0
123,139
2,0
4,0
112,131
4,13
326,316
2,0
8,0
4,58
4,17
340,290
2,0
8,45
2,0
4,0
111,86
20,65
371,380
20,0
6,38
2,0
12,79
212,198
13,0
9,27
2,4
20,11
12,34
6,6
7,11
20,45
142,142
14,47
418,548
4,0
2,0
4,0
9,38
10,34
16,40
2,49
4,6
11,45
78,86
2,36
2,23
9,15
232,248
8,47
239,186
3,13
2,0
3,17
7,0
2,0
2,0
4,21
4,42
6,9
20,42
17,19
189,158
20,17
20,25
3,40
184,189
2,0
20,0
434,475
6,2
7,32
21,38
107,123
2,0
4,0
4,0
21,29
9,0
58,45
8,11
11,0
19,84
6,0
9,0
8,0
9,2
35,40
275,276
5,11
2,0
3,6
5,21
4,0
27,76
6,0
20,34
5,0
4,45
2,0
60,56
6,4
29,0
2,13
7,11
9,25
6,0
3,11
6,34
2,0
5,40
9,38
20,17
2,0
4,0
2,17
4,21
11,29
10,32
8,23
31,23
30,54
4,0
2,0
68,142
2,0
378,389
107,139
46,38
7,0
2,4
4,0
2,21
2,32
2,0
2,9
2,13
16,0
8,9
10,6
4,21
16,21
136,150
5,25
38,72
48,45
4,0
20,0
2,0
129,144
270,279
27,21
7,6
298,272
6,40
19,17
2,13
2,17
13,0
4,19
13,11
2,21
22,0
260,269
6,60
12,40
2,0
28,29
12,0
3,32
9,0
70,63
42,25
9,19
20,9
121,110
8,0
114,108
8,2
10,65
2,47
8,17
6,19
20,0
4,65
60,34
18,47
314,335
2,0
4,13
20,0
20,0
110,100
104,123
8,0
2,0
3,0
105,118
313,323
7,0
2,32
114,147
2,4
2,0
93,121
9,49
20,63
20,72
14,36
6,0
4,29
20,11
2,0
2,0
16,19
6,0
27,17
5,0
2,11
24,47
87,60
4,21
8,21
390,450
93,81
18,25
64,67
8,42
104,91
170,134
6,0
34,21
13,17
14,34
2,0
163,195
232,235
8,0
6,36
2,27
54,93
36,2
2,0
7,29
24,13
3,15
6,9
20,45
8,27
190,134
2,25
36,19
4,0
150,172
122,110
18,29
3,0
172,189
4,56
11,13
48,51
2,0
4,0
20,2
21,32
20,19
4,0
4,0
18,6
20,27
407,385
4,9
95,91
2,0
2,13
2,0
106,100
70,47
3,58
9,6
4,0
20,25
8,11
7,0
29,32
4,0
36,42
40,25
6,6
2,0
2,17
2,11
14,36
4,0
256,258
8,17
80,100
2,15
23,0
39,32
438,430
2,0
51,13
2,17
126,178
128,134
10,9
8,0
2,0
2,0
8,0
48,54
37,100
56,0
23,72
102,76
4,45
50,63
4,0
32,23
8,0
266,283
9,0
6,0
2,0
4,34
6,32
6,9
126,169
90,88
54,79
3,17
6,0
123,115
36,21
257,248
8,2
2,0
8,67
4,0
20,6
472,460
10,38
2,0
4,6
358,297
2,17
5,6
4,0
3,11
7,0
32,11
6,0
18,29
2,19
2,0
20,0
4,40
20,15
2,21
20,4
226,210
6,2
5,9
17,29
5,23
2,15
164,144
32,54
44,86
10,15
198,175
218,226
2,6
7,0
2,0
2,25
2,40
4,0
20,2
4,0
172,207
3,0
2,32
7,0
20,11
6,27
12,0
2,0
6,0
62,74
2,0
80,144
7,21
304,331
7,0
2,0
25,34
2,38
6,0
8,0
13,49
2,15
2,13
272,248
174,175
27,17
8,2
4,11
174,169
2,0
250,269
2,0
219,192
3,0
4,27
200,183
3,19
20,13
14,0
2,40
4,0
20,19
8,0
15,6
6,47
12,29
2,23
5,4
12,0
20,11
8,32
4,0
130,152
2,36
208,204
14,9
3,15
398,430
6,19
3,0
4,0
11,0
2,0
2,0
24,6
10,2
2,42
2,6
2,0
2,0
6,27
4,9
4,29
2,0
2,4
104,126
20,13
13,4
3,17
131,121
2,0
2,2
262,252
104,93
24,19
20,69
2,0
110,136
4,0
278,319
3,0
66,21
36,13
2,0
12,6
5,25
106,81
2,34
20,38
4,32
2,0
21,19
14,4
114,121
3,0
4,0
122,123
3,0
20,19
4,47
6,6
6,65
171,175
204,220
12,0
2,0
22,0
14,0
8,0
9,21
15,2
2,0
192,166
214,262
2,25
4,0
16,11
6,6
50,40
9,0
2,0
11,32
48,88
2,0
31,38
2,29
13,25
5,63
2,23
8,0
14,0
7,34
3,17
28,21
99,56
2,0
123,144
2,0
33,23
2,34
4,21
4,11
27,32
7,19
2,0
20,45
2,0
12,17
120,183
64,69
2,2
4,0
128,144
2,0
2,15
3,0
363,351
14,4
46,69
2,0
2,0
96,79
4,27
14,29
253,355
10,0
8,47
16,69
20,0
377,389
2,13
116,147
2,0
4,13
7,17
2,0
2,9
10,23
30,45
2,13
2,27
5,0
7,11
12,0
2,4
28,63
8,0
2,6
6,36
24,17
4,0
4,0
289,319
2,0
9,15
5,13
4,0
20,19
132,139
12,0
2,17
118,113
4,38
2,17
2,0
3,0
20,54
93,65
237,210
8,0
138,155
5,11
2,0
13,0
6,2
7,4
56,40
20,4
2,34
97,58
42,40
34,15
4,0
2,0
2,0
3,0
20,0
4,34
2,38
2,23
23,49
14,0
2,0
2,36
20,13
72,65
30,60
8,2
8,17
2,0
4,0
344,265
16,11
20,45
2,19
52,65
2,17
3,0
2,0
2,0
88,65
84,79
271,226
2,0
20,11
26,23
6,0
207,223
16,13
2,40
96,121
9,38
8,13
264,258
31,0
5,58
2,13
8,19
8,11
4,6
21,21
387,435
107,96
20,4
10,0
2,0
136,128
2,23
4,6
174,175
4,25
4,15
44,47
2,0
10,47
33,0
2,0
13,0
20,21
2,0
10,19
62,60
104,81
4,0
97,139
55,86
242,255
4,40
62,56
29,15
252,239
2,0
402,440
3,13
6,2
12,0
12,13
2,0
64,74
2,0
23,32
15,0
10,15
3,0
3,2
4,9
2,17
2,23
26,15
244,223
6,2
27,25
20,34
3,4
9,6
2,23
44,25
4,21
9,0
17,17
408,351
6,40
15,17
128,58
21,67
4,23
6,0
12,0
247,252
24,34
26,40
12,17
12,29
2,21
4,6
25,38
20,25
20,36
167,152
2,15
189,178
6,17
2,0
4,11
2,11
158,183
17,0
6,0
2,13
2,40
20,25
215,232
12,6
465,480
2,6
22,0
2,47
3,19
499,507
118,108
2,0
36,25
29,38
2,0
2,49
6,23
183,166
2,21
144,150
8,23
2,0
4,0
2,23
8,4
2,0
131,161
22,49
2,34
8,0
8,27
20,51
2,0
106,81
26,51
15,0
10,17
236,229
2,13
14,2
6,6
4,6
416,465
2,56
2,25
4,0
20,17
2,9
474,496
2,15
2,0
50,49
5,0
125,103
4,11
316,276
2,0
3,25
6,0
30,34
90,60
119,121
4,0
5,2
20,0
23,21
322,272
24,54
2,0
3,0
6,23
10,11
33,56
3,6
7,21
4,0
72,88
20,2
3,4
20,11
490,485
4,0
100,100
6,0
2,17
14,17
180,198
126,105
6,19
8,2
4,54
20,0
38,19
2,15
378,450
24,23
6,0
28,21
2,0
28,0
219,258
9,0
2,4
2,2
4,25
422,363
12,0
88,81
6,0
2,45
155,198
2,0
346,359
8,32
5,0
12,0
26,45
20,17
20,15
334,286
56,60
106,93
4,42
372,339
152,195
4,29
2,0
6,2
5,0
4,0
8,27
7,15
2,38
20,0
20,23
138,139
41,79
2,15
3,0
139,147
10,0
2,25
2,49
14,32
2,0
28,9
2,25
216,242
119,158
4,21
3,0
58,110
241,265
2,0
301,283
2,0
2,11
6,0
162,131
20,49
30,40
172,134
3,0
4,32
2,6
2,6
27,21
5,0
10,0
2,23
46,36
10,21
2,0
14,27
45,49
94,54
8,0
20,15
2,17
251,269
14,11
8,19
77,103
15,0
6,2
112,84
83,76
6,0
4,45
6,45
31,36
4,32
16,11
18,0
21,21
8,19
7,0
6,0
184,180
15,11
6,11
96,47
7,9
3,17
6,11
8,38
4,0
16,47
4,0
20,34
3,42
442,542
6,4
2,0
9,40
2,36
2,0
4,0
10,0
256,319
20,11
72,42
257,226
4,23
2,23
74,110
4,19
20,15
4,27
19,0
18,23
2,34
22,40
2,47
66,91
147,166
2,0
3,6
20,0
4,11
2,6
370,421
62,60
9,25
259,252
20,38
26,19
68,23
2,58
10,42
2,0
13,4
4,40
112,110
79,84
18,0
114,118
42,32
2,11
95,134
20,6
4,15
2,69
4,0
20,51
358,398
10,60
6,36
20,0
2,13
22,15
4,25
4,19
40,27
6,25
8,0
107,128
78,93
2,25
410,455
332,327
4,25
4,0
20,63
21,19
337,323
3,0
12,17
2,25
124,126
32,29
4,0
189,183
4,23
10,0
9,63
2,4
4,15
6,0
32,49
20,23
2,0
2,0
229,189
8,0
289,258
204,201
82,25
10,2
22,27
270,269
26,42
132,144
3,23
8,0
20,0
207,232
147,163
6,11
2,2
3,17
48,42
4,21
30,27
2,4
8,17
4,2
2,4
11,40
4,0
6,11
277,323
20,19
50,25
2,29
2,4
7,11
234,245
22,54
7,0
2,47
2,21
245,252
60,67
2,0
4,38
8,2
2,27
344,339
17,40
320,262
25,23
20,23
2,25
336,376
64,47
8,0
4,29
117,126
5,0
9,29
440,363
3,2
4,0
22,9
2,49
2,0
7,13
4,0
2,19
2,2
4,0
354,319
224,242
7,0
2,27
32,40
4,0
4,0
20,32
14,2
3,0
302,297
4,4
2,32
332,372
375,402
16,27
4,15
21,23
18,29
2,0
8,0
2,0
20,21
52,58
7,27
13,13
20,17
2,45
12,6
8,0
10,4
56,72
2,6
4,0
2,0
40,58
14,34
17,17
10,47
5,0
456,445
17,34
15,15
5,0
2,0
2,4
24,0
493,470
16,9
266,235
4,0
20,0
16,15
2,36
20,32
15,0
36,21
96,86
8,4
20,51
20,29
10,38
20,47
102,100
434,480
6,0
4,2
44,19
6,0
167,175
8,0
3,58
20,6
4,0
16,25
358,398
6,34
12,0
2,27
4,0
2,25
2,0
12,0
3,0
4,19
10,29
2,25
11,0
2,11
86,88
20,38
11,17
259,248
18,45
4,45
112,108
29,34
12,0
232,276
4,0
92,88
5,2
3,25
150,186
39,32
144,100
12,49
4,9
438,450
228,262
54,103
2,0
334,327
8,2
6,13
72,72
352,276
3,15
20,11
3,0
438,465
123,118
4,0
26,2
45,11
4,0
168,201
5,0
8,0
8,0
202,213
199,180
10,42
9,0
5,4
20,0
10,0
260,258
13,23
32,45
8,0
2,0
100,98
8,0
2,0
2,17
20,67
54,79
2,0
5,2
201,189
407,393
4,0
20,25
6,0
6,19
10,0
20,11
2,2
376,398
3,0
11,0
8,0
20,56
160,155
9,36
6,29
368,339
64,72
4,25
2,0
128,96
16,13
9,0
5,21
2,9
112,158
3,49
6,34
12,13
5,42
13,29
2,0
194,252
22,67
2,32
6,0
160,175
7,13
10,6
6,0
10,0
493,518
2,9
12,38
20,79
6,25
124,105
5,6
32,51
2,23
222,226
32,56
12,4
2,27
4,15
24,0
8,13
2,0
2,19
56,76
2,0
4,17
303,304
6,6
4,40
20,15
20,17
20,0
24,65
8,15
5,0
220,239
8,0
2,0
75,51
35,54
106,142
2,0
8,0
19,0
2,0
78,74
13,29
9,0
2,0
2,13
17,0
4,42
20,0
2,32
190,131
394,351
2,19
2,0
6,0
153,155
2,0
2,17
4,11
5,38
4,0
102,84
32,49
104,91
22,11
103,49
9,0
7,4
3,29
7,15
8,67
8,0
2,6
2,0
2,29
19,0
223,223
5,2
17,23
2,0
120,136
16,15
30,0
6,27
3,0
9,40
9,9
122,144
230,245
292,269
8,6
4,0
12,42
16,36
67,56
4,15
18,0
114,123
62,128
282,293
11,21
41,40
369,393
2,0
10,0
10,15
5,40
46,60
28,0
15,0
293,347
48,79
8,6
3,21
10,0
2,36
145,136
38,27
216,276
250,186
226,229
4,0
2,0
20,9
4,0
20,0
19,19
48,13
2,13
7,4
45,51
4,0
4,4
66,76
4,29
20,0
2,0
52,38
2,0
5,19
13,0
5,38
2,11
2,0
16,6
177,142
4,13
218,232
15,0
2,34
4,4
13,0
70,86
6,34
44,34
8,40
15,0
268,286
10,0
3,23
20,0
40,54
9,0
2,17
2,0
20,15
2,0
453,536
2,0
4,0
2,0
8,0
6,0
2,21
20,34
24,9
116,108
2,11
4,0
12,56
13,0
15,0
12,17
3,9
8,6
4,11
4,0
34,4
6,0
24,36
6,17
2,42
2,0
18,0
4,0
2,0
7,0
176,172
3,0
12,0
20,0
8,13
6,0
20,2
60,36
140,136
6,0
2,6
20,42
16,0
104,86
2,0
2,15
7,0
2,0
6,19
2,0
16,9
161,163
12,2
148,178
2,0
4,0
257,279
24,32
7,0
8,0
283,276
6,0
2,2
205,216
7,4
206,189
2,38
116,86
173,155
260,204
4,0
20,2
316,327
184,169
2,0
12,0
2,38
5,11
23,36
136,147
2,0
7,13
152,139
4,0
4,38
8,21
2,45
6,0
4,0
2,4
2,0
7,29
4,6
8,27
10,4
8,2
106,65
6,6
20,38
8,58
176,158
4,0
8,4
2,13
76,100
6,47
17,0
14,34
20,0
122,123
217,286
6,54
9,15
20,34
2,21
134,128
7,27
24,54
2,0
8,15
6,0
9,0
20,34
4,27
202,180
8,0
2,0
20,32
9,0
2,23
36,56
372,327
4,4
2,0
154,134
178,175
4,0
8,0
172,178
2,0
184,163
4,0
372,389
76,60
5,19
4,36
12,0
4,0
122,108
2,11
7,32
59,91
160,201
20,36
94,108
4,0
10,4
228,272
4,0
20,60
6,27
6,15
3,36
170,198
2,0
2,0
16,0
8,17
192,175
42,45
20,54
6,19
255,248
14,54
12,0
2,0
4,0
2,32
110,100
8,21
12,6
2,36
2,27
367,450
15,76
8,45
60,105
4,0
13,34
20,15
2,9
20,13
21,15
2,0
18,34
4,0
12,47
124,113
204,223
18,23
2,9
128,155
20,27
129,152
2,0
6,29
2,45
2,15
164,118
2,2
40,15
20,6
3,0
9,2
34,51
2,0
8,27
2,0
443,407
12,0
13,54
159,131
20,6
356,301
2,25
238,183
7,4
8,15
69,47
6,2
2,34
82,38
6,0
10,0
20,6
173,189
2,0
56,108
348,376
10,23
20,25
100,128
10,0
4,0
2,2
2,0
2,21
484,480
20,19
4,42
2,19
12,27
2,25
2,34
8,0
149,136
2,0
2,0
73,88
30,29
75,100
6,2
4,0
4,11
6,34
7,0
154,201
72,118
4,0
14,72
3,17
4,32
300,327
8,0
264,293
2,0
31,54
12,0
6,56
54,38
4,15
2,0
10,11
42,17
3,6
10,0
4,17
2,47
492,425
380,402
4,47
14,13
3,13
8,38
2,23
24,36
10,19
2,0
210,195
140,175
12,51
5,0
2,6
36,15
14,47
162,152
4,6
112,115
6,0
22,45
106,121
10,29
20,0
4,49
238,255
14,0
10,25
290,255
16,0
10,0
4,2
13,38
256,265
16,13
194,189
2,4
20,21
130,134
17,9
3,0
13,21
2,19
6,0
12,23
2,38
4,0
20,63
12,47
124,136
288,297
6,0
7,0
5,17
2,38
5,0
97,155
128,103
2,0
4,58
238,248
142,105
282,290
4,0
2,0
20,0
2,0
10,25
172,189
2,0
4,0
142,88
24,0
244,232
110,108
6,45
2,27
12,27
168,175
110,84
63,51
40,63
4,0
34,17
4,15
64,32
70,108
2,0
2,0
9,0
222,245
116,123
296,304
2,56
48,25
2,0
2,0
20,38
110,100
9,27
123,121
3,0
21,51
41,54
28,49
16,4
2,15
28,98
2,25
2,0
234,242
4,29
4,0
66,79
2,4
39,15
148,139
4,0
9,21
12,36
4,38
44,65
4,29
272,269
78,65
100,58
2,0
6,0
27,0
2,0
3,47
20,23
6,6
2,0
2,13
4,0
7,6
4,25
157,147
4,9
61,84
220,198
2,0
8,32
284,323
11,2
2,15
2,0
2,0
2,0
12,49
50,25
2,0
66,79
9,15
20,23
2,0
72,103
8,0
257,286
211,213
130,110
2,0
2,32
6,0
222,213
2,34
22,58
20,38
318,351
4,0
4,2
15,0
160,134
2,0
2,11
7,0
11,4
33,36
16,25
191,216
2,17
9,27
48,54
24,45
6,0
4,0
4,0
41,17
20,0
115,86
139,142
2,4
6,65
2,0
297,283
8,21
4,23
48,54
132,150
14,27
26,6
2,13
6,9
2,0
176,163
14,17
20,0
57,27
246,252
2,0
66,76
240,198
6,32
20,0
3,15
8,40
7,34
10,0
47,15
2,0
156,195
124,115
40,23
7,42
44,15
4,9
4,0
206,198
8,15
2,32
12,0
4,0
64,121
2,17
4,0
3,0
8,34
132,172
20,29
7,0
244,201
2,2
141,161
12,23
144,189
47,0
3,0
5,47
21,6
121,134
106,93
2,0
32,15
2,0
9,15
18,40
3,0
6,6
2,11
23,6
6,0
12,21
156,152
8,0
129,192
254,235
66,51
20,49
4,17
9,42
2,32
2,4
24,42
2,49
2,25
8,9
16,0
8,4
26,40
4,21
292,293
69,36
4,0
2,0
2,0
155,144
10,13
102,110
5,29
4,23
5,56
4,0
6,49
41,58
2,34
114,103
12,13
93,88
110,76
12,4
348,389
5,0
5,0
20,47
135,126
4,0
6,19
258,293
17,6
4,23
189,172
42,0
60,63
394,470
126,121
8,29
123,91
2,0
5,29
124,172
213,150
238,226
2,25
6,27
30,19
113,142
4,2
2,0
350,343
4,0
102,79
92,113
8,0
2,9
102,105
4,40
20,40
6,25
8,25
72,76
4,0
17,0
17,27
2,19
2,19
370,343
2,0
4,47
191,195
2,0
8,0
6,0
20,6
6,9
130,131
9,0
9,0
116,115
4,0
188,150
2,4
9,0
10,0
8,0